id,kind,repetition_flag,check
validation_Computer_Science_26,stop_extraction_failure,,yes
validation_Electronics_24,stop_extraction_failure,,yes
validation_Finance_10,stop_extraction_failure,,yes
validation_Accounting_15,length_ended,False,no
validation_Accounting_22,length_ended,False,no
validation_Accounting_5,length_ended,True,no
validation_Architecture_and_Engineering_12,length_ended,False,yes
validation_Architecture_and_Engineering_13,length_ended,False,no
validation_Architecture_and_Engineering_16,length_ended,False,no
validation_Architecture_and_Engineering_18,length_ended,False,no
validation_Architecture_and_Engineering_23,length_ended,False,no
validation_Architecture_and_Engineering_27,length_ended,False,yes
validation_Architecture_and_Engineering_29,length_ended,True,no
validation_Art_12,length_ended,True,no
validation_Biology_14,length_ended,False,no
validation_Biology_22,length_ended,True,no
validation_Chemistry_7,length_ended,True,yes
validation_Electronics_17,length_ended,True,no
validation_Energy_and_Power_1,length_ended,False,yes
validation_Energy_and_Power_10,length_ended,True,no
validation_Energy_and_Power_12,length_ended,False,no
validation_Energy_and_Power_20,length_ended,True,no
validation_Energy_and_Power_4,length_ended,True,yes
validation_Energy_and_Power_8,length_ended,True,no
validation_Finance_5,length_ended,True,yes
validation_History_30,length_ended,True,yes
validation_Materials_16,length_ended,False,no
validation_Materials_4,length_ended,False,no
validation_Materials_6,length_ended,True,yes
validation_Materials_9,length_ended,False,yes
validation_Mechanical_Engineering_17,length_ended,True,no
validation_Mechanical_Engineering_23,length_ended,False,no
validation_Mechanical_Engineering_27,length_ended,True,no
validation_Mechanical_Engineering_3,length_ended,True,yes
validation_Mechanical_Engineering_4,length_ended,False,no
validation_Mechanical_Engineering_7,length_ended,True,no
validation_Mechanical_Engineering_8,length_ended,False,no
validation_Music_1,length_ended,True,no
validation_Music_21,length_ended,True,no
validation_Music_23,length_ended,True,no
validation_Music_24,length_ended,True,no
validation_Music_28,length_ended,True,no
validation_Music_3,length_ended,True,no
validation_Music_7,length_ended,True,no
validation_Public_Health_24,length_ended,True,no
