id,kind,check,status,judge_char,output_tokens,repetition_flag,truncation_subtype,primary_type_rule,explicit_final_marker,has_final_answer,final_answer_quote,answer_vs_gold,judgement,evidence_quote,quote_occurrences_tail,note,checked_by
validation_Accounting_15,length_ended,no,extraction_failure,Z,8192,False,long_reasoning_truncated,uncertain,yes,,,,,,,,rule_only
validation_Accounting_22,length_ended,no,extraction_failure,Z,8192,False,long_reasoning_truncated,uncertain,no,,,,,,,,rule_only
validation_Accounting_5,length_ended,no,extraction_failure,Z,8192,True,loop_repetition,repetition_incomplete,no,,,,,,,,rule_only
validation_Architecture_and_Engineering_12,length_ended,yes,complete_judge,D,8192,False,long_reasoning_truncated,uncertain,no,no,,,long_reasoning_truncated,I think I have the coordinate system,tail 1 / total 1,"마지막 2,000자 전체에서 좌표·베어링 계산이 매 단락 새 수치로 이어지고 동일 문장 반복이 없음. 'I think I have the coordinate system' 도중 그대로 잘림.",claude_draft
validation_Architecture_and_Engineering_13,length_ended,no,complete_judge,A,8192,False,long_reasoning_truncated,uncertain,no,,,,,,,,rule_only
validation_Architecture_and_Engineering_16,length_ended,no,complete_judge,A,8192,False,long_reasoning_truncated,uncertain,yes,,,,,,,,rule_only
validation_Architecture_and_Engineering_18,length_ended,no,complete_judge,D,8192,False,long_reasoning_truncated,uncertain,no,,,,,,,,rule_only
validation_Architecture_and_Engineering_23,length_ended,no,complete_judge,A,8192,False,long_reasoning_truncated,uncertain,no,,,,,,,,rule_only
validation_Architecture_and_Engineering_27,length_ended,yes,complete_judge,B,8192,False,long_reasoning_truncated,uncertain,no,no,,,long_reasoning_truncated,"749.05^2 = (749 + 0.05)^2 = 560,001 + 2*749*0.05 + (0.05)^2 = 560,001 + 74.9 + 0.0025 = 560,075.9025",tail 1 / total 1,"마지막 2,000자 동안 749^2~750^2 범위를 좁혀가는 제곱근 추정이 매번 다른 값으로 이어지며 반복 문장 없음. 'So a'에서 그대로 잘림.",claude_draft
validation_Architecture_and_Engineering_29,length_ended,no,complete_judge,C,8192,True,long_reasoning_truncated,repetition_incomplete,no,,,,,,,,rule_only
validation_Art_12,length_ended,no,complete_judge,B,8192,True,loop_repetition,repetition_incomplete,yes,,,,,,,,rule_only
validation_Biology_14,length_ended,no,complete_rule,A,8192,False,long_reasoning_truncated,uncertain,no,,,,,,,,rule_only
validation_Biology_22,length_ended,no,complete_judge,C,8192,True,long_reasoning_truncated,repetition_incomplete,yes,,,,,,,,rule_only
validation_Chemistry_7,length_ended,yes,complete_judge,B,8192,True,loop_repetition,repetition_incomplete,no,no,,,loop_repetition,"And the right carbon is bonded to Br, CH3, and CH2 — and CH2 is bonded to C3 — but that’s 3 bonds — impossible.",tail 6 / total 62,"동일 문장(및 같은 구조식 코드블록)이 마지막 2,000자 안에서 간격 300자 미만으로 6회 이상 글자 그대로 반복됨.",claude_draft
validation_Computer_Science_26,stop_extraction_failure,yes,extraction_failure,Z,4,,,,no,yes,102,different,wrong_answer,102,,"Q1: 응답 전문이 '102'뿐이라 전체가 최종 답. Q2: 정답 251과 상이(정규화 무관). Q3: Judge=Z. 독립 검산(이미지 다이어그램 기준): DNS 4단계 RTT 합 4+14+9+34=61ms + HTTP 2*95=190ms = 251ms로 정답이 맞음, 모델의 102는 과정 없이 나온 상이한 값.",claude_draft
validation_Electronics_17,length_ended,no,extraction_failure,Z,8192,True,loop_repetition,repetition_incomplete,no,,,,,,,,rule_only
validation_Electronics_24,stop_extraction_failure,yes,extraction_failure,Z,950,,,,no,yes,"\boxed{504 \, \text{k}\Omega}",different,wrong_answer,"\boxed{504 \, \text{k}\Omega}",,"Q1: \boxed{504 \, \text{k}\Omega}로 최종 답 존재. Q2: 504kΩ(504,000Ω)이 정답 551과도(상대오차 큼), 551Ω와도 불일치 → different. Q3: Judge=Z. 회로도(이미지) 확인 결과 R_E가 접지 저항으로 존재하는데 응답은 V_E=0으로 가정(에미터를 직접 접지로 취급)해 R_E 전압강하를 누락한 것으로 보임.",claude_draft
validation_Energy_and_Power_1,length_ended,yes,extraction_failure,Z,8192,False,other,uncertain,no,no,,,other,"q r_o^2 / (2k) = 4 * (0.01)^2 / (2*125) = 4 * 0.0001 / 250 = 0.0004 / 250 = 1.6e-6 K, still not.",tail 2 / total 2,"같은 계산식 문장이 정확히 2회만 반복(3회 미만)되고, 반지름 단위 가정(mm/cm/m)을 바꿔가며 새 시도가 섞여 있어 loop_repetition도 long_reasoning_truncated도 아님.",claude_draft
validation_Energy_and_Power_10,length_ended,no,complete_judge,A,8192,True,loop_repetition,repetition_incomplete,no,,,,,,,,rule_only
validation_Energy_and_Power_12,length_ended,no,complete_judge,C,8192,False,long_reasoning_truncated,uncertain,no,,,,,,,,rule_only
validation_Energy_and_Power_20,length_ended,no,complete_judge,C,8192,True,other,repetition_incomplete,no,,,,,,,,rule_only
validation_Energy_and_Power_4,length_ended,yes,complete_judge,A,8192,True,loop_repetition,repetition_incomplete,no,no,,,loop_repetition,s_g = 0.24487? No — that’s for 10 psia.,tail 6 / total 46,"'s_g = 0.24487? No — that's for 10 psia.' 문장이 마지막 2,000자 안에서 간격 300자 미만으로 6회 이상 반복됨.",claude_draft
validation_Energy_and_Power_8,length_ended,no,complete_judge,A,8192,True,other,repetition_incomplete,no,,,,,,,,rule_only
validation_Finance_10,stop_extraction_failure,yes,extraction_failure,Z,1872,,,,no,yes,"\boxed{607,500}",different,wrong_answer,"\boxed{607,500}",,"Q1: \boxed{607,500}로 최종 답 존재. Q2: 607500≠2000000 → different. Q3: Judge=Z. 문제가 명시한 '0.50 to $1'(1프랑=$2)을 그대로 쓰면 1,000,000×2=2,000,000으로 gold와 일치하는데, 응답은 이를 표(이미지)의 환율과 모순된다고 판단해 표의 0.6075를 대신 채택함 — 질문이 요구한 값을 쓰지 않아 오답.",claude_draft
validation_Finance_5,length_ended,yes,complete_judge,B,8192,True,loop_repetition,repetition_incomplete,yes,yes,"urn is 19% — 3.93M — close to 4M — Option B.

So perhaps the intended answer is **B. $4,000,000**.

But why 19%?

From Corton: if we assume that Corton’s growth rat",different,loop_repetition,"Let’s try to compute the **value of Denham’s shares if growth is 6%**, and we are to use **Corton’s required return** — and then multiply by number of shares — but again, 14.5M.",tail 3 / total 16,"answer_committed=no — 'So perhaps the intended answer is **B. $4,000,000**' 직후 'But why 19%?'로 다시 의심하며 동일 4개 가설(14.5M/25.56M/not standard/12.78M) 문장을 글자 그대로 순환 반복하다 끊김. 최종 확정 아님.",claude_draft
validation_History_30,length_ended,yes,extraction_failure,Z,8192,True,loop_repetition,repetition_incomplete,yes,yes,"the answer as **A**.

But I know it’s wrong.

Actually — I think the **correct answer is A**, because the **map does not show any lines along the west coast of Africa** —",different,loop_repetition,Perhaps the **map does not show the west coast of Africa** — but it does.,tail 3 / total 29,answer_committed=no — 'box the answer as A' 직후 매번 'But I know it's wrong'으로 스스로 부정하는 순환이 간격 300자 미만으로 3회 이상 반복됨. 최종 확정 아님. (dominant_tail_unit 기준 재인용: tail 3 / total 29),claude_draft
validation_Materials_16,length_ended,no,complete_judge,A,8192,False,long_reasoning_truncated,uncertain,no,,,,,,,,rule_only
validation_Materials_4,length_ended,no,complete_judge,A,8192,False,long_reasoning_truncated,uncertain,no,,,,,,,,rule_only
validation_Materials_6,length_ended,yes,extraction_failure,Z,8192,True,loop_repetition,repetition_incomplete,no,no,,,loop_repetition,"Perhaps the vector is drawn from (0,0,0) to (1/2, 1/3, 1), but the unit cell is such that the length in x is 2, in y is 3, in z is 6 — then [1/2, 1/3, 1] = [1/2, 1/3, 1] — and if we divide by the unit cell lengths, we get [1/2 / 2, 1/3 / 3, 1/6] — no.",tail 4 / total 18,"동일 가설 문장이 마지막 2,000자 안에서 간격 300자 미만으로 6회 이상 글자 그대로 반복됨.",claude_draft
validation_Materials_9,length_ended,yes,complete_judge,D,8192,False,long_reasoning_truncated,uncertain,yes,yes,"= 39.81 — same.

Or if they used 28.274, and 2250/56.548 = 39.81.

Perhaps the answer is C. 40.5 — and they used a different value.

Let me calculate 125 / π = 39.788 — a",different,long_reasoning_truncated,Perhaps the answer is C. 40.5 — and they used a different value.,tail 1 / total 1,"answer_committed=no — 끝까지 D(40.2)와 C(40.5) 사이를 왕복하며 'Perhaps/Maybe the answer is X'로 추측만 반복. 완전히 동일한 문장의 3회 이상 반복은 없고 매번 소수점 가정을 바꿔 재계산함 — loop_repetition 기준 미달, 반복은 있으나 매번 변주되어 long_reasoning_truncated로 판단.",claude_draft
validation_Mechanical_Engineering_17,length_ended,no,extraction_failure,Z,8192,True,loop_repetition,repetition_incomplete,no,,,,,,,,rule_only
validation_Mechanical_Engineering_23,length_ended,no,complete_judge,A,8192,False,long_reasoning_truncated,uncertain,no,,,,,,,,rule_only
validation_Mechanical_Engineering_27,length_ended,no,extraction_failure,Z,8192,True,long_reasoning_truncated,repetition_incomplete,no,,,,,,,,rule_only
validation_Mechanical_Engineering_3,length_ended,yes,complete_judge,A,8192,True,loop_repetition,repetition_incomplete,yes,yes,"p view only shows **one** — so probably **not**.

Actually, I think the correct answer is **(a)** — because the **top view** shows a **U-shape** — which is a **semi-circular",different,loop_repetition,"**two curved shapes** — one on the left, one on the right — which might mean",tail 5 / total 61,answer_committed=no — '정답은 (a)'라는 문장이 동일 선행 문구와 묶여 13회 가까이 글자 그대로 반복되며 그때마다 같은 의심 문구가 뒤따라 최종 확정이 아님. (dominant_tail_unit 기준 재인용: tail 5 / total 61),claude_draft
validation_Mechanical_Engineering_4,length_ended,no,complete_judge,A,8192,False,long_reasoning_truncated,uncertain,no,,,,,,,,rule_only
validation_Mechanical_Engineering_7,length_ended,no,complete_judge,A,8192,True,loop_repetition,repetition_incomplete,no,,,,,,,,rule_only
validation_Mechanical_Engineering_8,length_ended,no,complete_judge,A,8192,False,other,uncertain,no,,,,,,,,rule_only
validation_Music_1,length_ended,no,extraction_failure,Z,8192,True,loop_repetition,repetition_incomplete,no,,,,,,,,rule_only
validation_Music_21,length_ended,no,complete_judge,A,8192,True,loop_repetition,repetition_incomplete,no,,,,,,,,rule_only
validation_Music_23,length_ended,no,extraction_failure,Z,8192,True,loop_repetition,repetition_incomplete,no,,,,,,,,rule_only
validation_Music_24,length_ended,no,extraction_failure,Z,8192,True,loop_repetition,repetition_incomplete,yes,,,,,,,,rule_only
validation_Music_28,length_ended,no,extraction_failure,Z,8192,True,loop_repetition,repetition_incomplete,no,,,,,,,,rule_only
validation_Music_3,length_ended,no,complete_judge,A,8192,True,loop_repetition,repetition_incomplete,no,,,,,,,,rule_only
validation_Music_7,length_ended,no,extraction_failure,Z,8192,True,loop_repetition,repetition_incomplete,no,,,,,,,,rule_only
validation_Public_Health_24,length_ended,no,extraction_failure,Z,8192,True,other,repetition_incomplete,yes,,,,,,,,rule_only
