id,review_type,label_by,review_by,blind_label,quote_supports,order_ok,image_ok,reason_specific,agree,final_label,change_note
validation_Agriculture_20,random,C,B,uncertain,N,N,N,Y,N,uncertain,"하경님께서 노션에 올려주신 가이드에 따라, 1~6의 증거를 대지 못하면 Uncertain이라고 보고 Uncertain으로 분류했습니다."
validation_History_8,random,C,B,calculation_reasoning,Y,Y,Y,Y,Y,calculation_reasoning,
validation_Art_Theory_25,random,C,B,visual_reading,N,N,N,Y,N,visual_reading,"뒤에 말을 바꾸어 제목을 잘 추론한 건 사실이지만, 응답이 그림 속 목자들을 ‘Three Kings (Magi)’로, 소를 ‘lion head’로 실제와 다르게 서술했습니다. 가이드 순서상 Visual_reading을 calculation_reasoning보다 먼저 묻기 때문에 visual_reading에 더 맞다고 봤습니다."
validation_Diagnostics_and_Laboratory_Medicine_8,random,C,B,visual_reading,Y,Y,Y,Y,Y,visual_reading,
validation_Chemistry_21,random,C,B,visual_reading,Y,Y,Y,Y,N,calculation_reasoning,"응답이 왼쪽 C를 H가 3개인 CH₃로 서술했는데 실제로는 CH₂다. 다만 이 오독은 답을 바꾸지 않았고, 실제 오답 원인은 ‘sp³ 원자는 평면에 못 놓인다'며 B 선지를 소거한 잘못된 추론이다."
validation_Biology_9,random,C,B,knowledge,Y,Y,Y,Y,Y,knowledge,
validation_Art_Theory_5,random,C,B,knowledge,Y,Y,na,Y,Y,knowledge,문제에 같이 제시된 이미지가 스톤헨지가 아니다. 하지만 문제는 이미지 없이도 풀리고 정답 선지도 맞게 되어있긴하다.
validation_Design_1,random,C,B,knowledge,N,N,N,Y,N,knowledge,"It is typically made of wood and covered with beads 라는 묘사는 맞았다. 루바 족(Luba people)의 루카사(Lukasa)라는 물건인데, 이것에 대한 지식이 없어서 틀린것이 아닐까 싶다."
validation_Accounting_30,high_risk,C,B,,Y,Y,Y,Y,Y,question_defect,
validation_Chemistry_5,high_risk,C,B,,Y,Y,Y,Y,Y,knowledge,
