id,review_type,label_by,review_by,blind_label,quote_supports,order_ok,image_ok,reason_specific,agree,final_label,change_note
validation_Agriculture_22,,B,C,,,,,,,,
validation_Agriculture_23,,B,C,,,,,,,,
validation_Agriculture_5,high_risk,B,C,,Y,Y,Y,Y,Y,uncertain,
validation_Art_11,random,B,C,knowledge,Y,Y,Y,Y,Y,knowledge,
validation_Art_15,,B,C,,,,,,,,
validation_Art_9,,B,C,,,,,,,,
validation_Biology_23,,B,C,,,,,,,,
validation_Biology_7,,B,C,,,,,,,,
validation_Chemistry_22,random,B,C,visual_reading,Y,Y,Y,Y,Y,visual_reading,
validation_Clinical_Medicine_7,random,B,C,calculation_reasoning,Y,Y,Y,Y,Y,calculation_reasoning,
validation_Computer_Science_1,flagged,B,C,,Y,Y,Y,Y,Y,visual_reading,
validation_Computer_Science_12,,B,C,,,,,,,,
validation_Design_13,flagged,B,C,,Y,Y,Y,Y,Y,calculation_reasoning,
validation_Design_2,random,B,C,calculation_reasoning,Y,N,N,N,N,calculation_reasoning,목표를 과학적 색채 이론의 적용으로 해석해 A를 선택했다
validation_Diagnostics_and_Laboratory_Medicine_13,,B,C,,,,,,,,
validation_Diagnostics_and_Laboratory_Medicine_17,,B,C,,,,,,,,
validation_Diagnostics_and_Laboratory_Medicine_19,,B,C,,,,,,,,
validation_Diagnostics_and_Laboratory_Medicine_20,,B,C,,,,,,,,
validation_Diagnostics_and_Laboratory_Medicine_6,random,B,C,visual_reading,Y,Y,Y,Y,Y,visual_reading,
validation_History_10,,B,C,,,,,,,,
validation_History_13,,B,C,,,,,,,,
validation_History_6,random,B,C,question_defect,Y,Y,Y,Y,Y,question_defect,
validation_Manage_12,,B,C,,,,,,,,
validation_Manage_27,high_risk,B,C,,Y,Y,Y,Y,Y,question_defect,
validation_Manage_6,,B,C,,,,,,,,
validation_Marketing_4,random,B,C,calculation_reasoning,N,N,N,Y,N,calculation_reasoning,핵심 실패는 관찰한 막대 분포를 적용하는 과정에 있다고 판단
validation_Math_20,random,B,C,visual_reading,Y,Y,Y,Y,Y,visual_reading,추론 과정에서도 오류가 있긴 하나 주원인은 판독 오류인 듯
validation_Mechanical_Engineering_26,,B,C,,,,,,,,
validation_Music_2,high_risk,B,C,,Y,Y,Y,Y,Y,uncertain,
validation_Music_9,,B,C,,,,,,,,
validation_Pharmacy_21,,B,C,,,,,,,,
validation_Psychology_24,high_risk,B,C,,Y,Y,Y,Y,Y,question_defect,
validation_Psychology_9,,B,C,,,,,,,,
validation_Sociology_1,,B,C,,,,,,,,
validation_Sociology_12,,B,C,,,,,,,,
validation_Sociology_21,high_risk,B,C,,Y,Y,Y,Y,Y,question_defect,
validation_Sociology_27,,B,C,,,,,,,,
