id,subject,words,member
validation_Accounting_20,Accounting,2568,A
validation_Agriculture_12,Agriculture,425,A
validation_Agriculture_21,Agriculture,146,A
validation_Agriculture_8,Agriculture,123,A
validation_Architecture_and_Engineering_22,Architecture_and_Engineering,4163,A
validation_Art_14,Art,55,A
validation_Art_16,Art,2,A
validation_Art_20,Art,190,A
validation_Art_Theory_14,Art_Theory,231,A
validation_Basic_Medical_Science_18,Basic_Medical_Science,166,A
validation_Basic_Medical_Science_22,Basic_Medical_Science,491,A
validation_Biology_17,Biology,248,A
validation_Chemistry_12,Chemistry,1452,A
validation_Chemistry_9,Chemistry,523,A
validation_Clinical_Medicine_14,Clinical_Medicine,190,A
validation_Clinical_Medicine_2,Clinical_Medicine,250,A
validation_Clinical_Medicine_24,Clinical_Medicine,212,A
validation_Design_14,Design,148,A
validation_Diagnostics_and_Laboratory_Medicine_10,Diagnostics_and_Laboratory_Medicine,265,A
validation_Diagnostics_and_Laboratory_Medicine_16,Diagnostics_and_Laboratory_Medicine,373,A
validation_Diagnostics_and_Laboratory_Medicine_18,Diagnostics_and_Laboratory_Medicine,199,A
validation_Diagnostics_and_Laboratory_Medicine_7,Diagnostics_and_Laboratory_Medicine,385,A
validation_Economics_15,Economics,164,A
validation_Finance_17,Finance,313,A
validation_Geography_11,Geography,216,A
validation_Geography_8,Geography,805,A
validation_History_5,History,266,A
validation_Literature_21,Literature,112,A
validation_Literature_28,Literature,199,A
validation_Materials_12,Materials,429,A
validation_Math_3,Math,2518,A
validation_Math_9,Math,2,A
validation_Music_11,Music,225,A
validation_Music_15,Music,847,A
validation_Music_19,Music,1481,A
validation_Psychology_12,Psychology,303,A
validation_Sociology_15,Sociology,76,A
validation_Agriculture_22,Agriculture,110,B
validation_Agriculture_23,Agriculture,224,B
validation_Agriculture_5,Agriculture,2,B
validation_Art_11,Art,172,B
validation_Art_15,Art,98,B
validation_Art_9,Art,149,B
validation_Biology_23,Biology,198,B
validation_Biology_7,Biology,159,B
validation_Chemistry_22,Chemistry,2515,B
validation_Clinical_Medicine_7,Clinical_Medicine,431,B
validation_Computer_Science_1,Computer_Science,745,B
validation_Computer_Science_12,Computer_Science,3976,B
validation_Design_13,Design,255,B
validation_Design_2,Design,192,B
validation_Diagnostics_and_Laboratory_Medicine_13,Diagnostics_and_Laboratory_Medicine,182,B
validation_Diagnostics_and_Laboratory_Medicine_17,Diagnostics_and_Laboratory_Medicine,370,B
validation_Diagnostics_and_Laboratory_Medicine_19,Diagnostics_and_Laboratory_Medicine,296,B
validation_Diagnostics_and_Laboratory_Medicine_20,Diagnostics_and_Laboratory_Medicine,200,B
validation_Diagnostics_and_Laboratory_Medicine_6,Diagnostics_and_Laboratory_Medicine,270,B
validation_History_10,History,264,B
validation_History_13,History,412,B
validation_History_6,History,491,B
validation_Manage_12,Manage,246,B
validation_Manage_27,Manage,145,B
validation_Manage_6,Manage,540,B
validation_Marketing_4,Marketing,129,B
validation_Math_20,Math,1744,B
validation_Mechanical_Engineering_26,Mechanical_Engineering,857,B
validation_Music_2,Music,2,B
validation_Music_9,Music,3086,B
validation_Pharmacy_21,Pharmacy,316,B
validation_Psychology_24,Psychology,42,B
validation_Psychology_9,Psychology,1433,B
validation_Sociology_1,Sociology,209,B
validation_Sociology_12,Sociology,235,B
validation_Sociology_21,Sociology,218,B
validation_Sociology_27,Sociology,387,B
validation_Accounting_30,Accounting,240,C
validation_Agriculture_13,Agriculture,172,C
validation_Agriculture_15,Agriculture,181,C
validation_Agriculture_20,Agriculture,5,C
validation_Agriculture_27,Agriculture,192,C
validation_Agriculture_4,Agriculture,207,C
validation_Agriculture_9,Agriculture,263,C
validation_Art_23,Art,108,C
validation_Art_Theory_25,Art_Theory,223,C
validation_Art_Theory_5,Art_Theory,1760,C
validation_Basic_Medical_Science_11,Basic_Medical_Science,3,C
validation_Basic_Medical_Science_23,Basic_Medical_Science,157,C
validation_Biology_9,Biology,668,C
validation_Chemistry_21,Chemistry,3954,C
validation_Chemistry_5,Chemistry,2125,C
validation_Clinical_Medicine_18,Clinical_Medicine,259,C
validation_Computer_Science_18,Computer_Science,445,C
validation_Computer_Science_2,Computer_Science,570,C
validation_Design_1,Design,270,C
validation_Diagnostics_and_Laboratory_Medicine_14,Diagnostics_and_Laboratory_Medicine,196,C
validation_Diagnostics_and_Laboratory_Medicine_2,Diagnostics_and_Laboratory_Medicine,391,C
validation_Diagnostics_and_Laboratory_Medicine_8,Diagnostics_and_Laboratory_Medicine,150,C
validation_Economics_23,Economics,487,C
validation_Economics_28,Economics,3472,C
validation_Geography_17,Geography,99,C
validation_History_23,History,141,C
validation_History_8,History,353,C
validation_Literature_18,Literature,205,C
validation_Literature_26,Literature,235,C
validation_Manage_7,Manage,277,C
validation_Marketing_8,Marketing,327,C
validation_Mechanical_Engineering_15,Mechanical_Engineering,1397,C
validation_Mechanical_Engineering_30,Mechanical_Engineering,410,C
validation_Physics_20,Physics,861,C
validation_Psychology_6,Psychology,219,C
validation_Sociology_10,Sociology,134,C
validation_Agriculture_17,Agriculture,4,D
validation_Agriculture_3,Agriculture,3,D
validation_Art_19,Art,220,D
validation_Art_26,Art,106,D
validation_Art_Theory_17,Art_Theory,207,D
validation_Basic_Medical_Science_25,Basic_Medical_Science,105,D
validation_Biology_1,Biology,195,D
validation_Biology_3,Biology,263,D
validation_Chemistry_14,Chemistry,3642,D
validation_Computer_Science_25,Computer_Science,150,D
validation_Design_29,Design,177,D
validation_Diagnostics_and_Laboratory_Medicine_1,Diagnostics_and_Laboratory_Medicine,239,D
validation_Diagnostics_and_Laboratory_Medicine_21,Diagnostics_and_Laboratory_Medicine,240,D
validation_Diagnostics_and_Laboratory_Medicine_30,Diagnostics_and_Laboratory_Medicine,585,D
validation_Economics_30,Economics,1308,D
validation_Geography_24,Geography,206,D
validation_Geography_5,Geography,1366,D
validation_Geography_9,Geography,342,D
validation_History_2,History,393,D
validation_History_7,History,454,D
validation_Literature_24,Literature,135,D
validation_Manage_18,Manage,271,D
validation_Manage_19,Manage,261,D
validation_Manage_24,Manage,349,D
validation_Marketing_14,Marketing,156,D
validation_Math_26,Math,3647,D
validation_Mechanical_Engineering_2,Mechanical_Engineering,1972,D
validation_Music_16,Music,470,D
validation_Music_20,Music,1938,D
validation_Music_29,Music,2,D
validation_Pharmacy_17,Pharmacy,174,D
validation_Pharmacy_23,Pharmacy,667,D
validation_Psychology_30,Psychology,223,D
validation_Public_Health_1,Public_Health,403,D
validation_Sociology_25,Sociology,274,D
validation_Sociology_3,Sociology,139,D
validation_Sociology_9,Sociology,196,D
